{
  "project_info": {
    "project_number": "86092714228",
    "firebase_url": "https://boxio-a7aeb.firebaseio.com",
    "project_id": "boxio-a7aeb",
    "storage_bucket": "boxio-a7aeb.appspot.com"
  },
  "client": [
    {
      "client_info": {
        "mobilesdk_app_id": "1:86092714228:android:11538f1ac764433e93cea1",
        "android_client_info": {
          "package_name": "com.nvt.boxio"
        }
      },
      "oauth_client": [
        {
          "client_id": "86092714228-hn7fp82hovqddpthn6fibt8nmgh68g47.apps.googleusercontent.com",
          "client_type": 3
        }
      ],
      "api_key": [
        {
          "current_key": "AIzaSyA1c0X9EmLV42JuFBw3Ykt1C-ln9caj1uk"
        }
      ],
      "services": {
        "appinvite_service": {
          "other_platform_oauth_client": [
            {
              "client_id": "86092714228-hn7fp82hovqddpthn6fibt8nmgh68g47.apps.googleusercontent.com",
              "client_type": 3
            }
          ]
        }
      }
    }
  ],
  "configuration_version": "1"
}